rally,ball_round,time,frame_num,roundscore_A,roundscore_B,player,server,type,aroundhead,backhand,hit_height,hit_area,hit_x,hit_y,landing_height,landing_area,landing_x,landing_y,lose_reason,win_reason,getpoint_player,flaw,player_location_area,player_location_x,player_location_y,opponent_location_area,opponent_location_x,opponent_location_y,db,match_id,set,rally_id
1,1.0,00:06:31,11754.0,1,0,A,1,發長球,,1.0,2.0,,,,1.0,3.0,829.0,634.0,,,,,8.0,5.548780487804878,-0.4479166666666667,8.0,6.975609756097561,0.46875,0,1,1,0
1,2.0,00:06:32,11788.0,1,0,B,2,點扣,,,1.0,3.0,829.0,634.0,2.0,6.0,779.0,363.0,,,,,9.0,7.475609756097561,0.8072916666666666,8.0,5.573170731707317,-0.5625,0,1,1,0
1,3.0,00:06:34,11825.0,1,0,A,2,擋小球,,1.0,2.0,6.0,779.0,363.0,2.0,1.0,782.0,482.0,,,,,8.0,5.939024390243903,-0.5208333333333334,8.0,7.317073170731708,0.765625,0,1,1,0
1,4.0,00:06:34,11830.0,1,0,B,2,放小球,,,2.0,1.0,782.0,482.0,2.0,2.0,808.0,421.0,,,,,8.0,6.829268292682927,0.25,8.0,5.7926829268292686,-0.5572916666666666,0,1,1,0
1,5.0,00:06:35,11854.0,1,0,A,2,放小球,,1.0,2.0,2.0,808.0,421.0,2.0,7.0,553.0,467.0,,,,,2.0,7.390243902439025,-0.375,8.0,6.548780487804878,0.296875,0,1,1,0
1,6.0,00:06:35,11879.0,1,0,B,3,挑球,,1.0,2.0,7.0,553.0,467.0,2.0,13.0,760.0,299.0,出界,對手出界,A,,7.0,4.963414634146342,0.125,8.0,6.012195121951219,-0.515625,0,1,1,0
2,2.0,00:06:54,12434.0,2,0,B,2,長球,,,1.0,,,,1.0,9.0,536.0,313.0,,,,,8.0,4.487804878048781,0.7083333333333334,8.0,5.109756097560975,-0.5572916666666666,0,1,1,1
2,3.0,00:06:55,12466.0,2,0,A,2,點扣,,,1.0,9.0,536.0,313.0,2.0,6.0,449.0,556.0,,,,,9.0,4.829268292682927,-0.75,8.0,5.414634146341464,0.6354166666666666,0,1,1,1
2,4.0,00:06:55,12478.0,2,0,B,2,擋小球,,1.0,2.0,6.0,449.0,556.0,2.0,1.0,463.0,397.0,,,,,8.0,5.865853658536586,0.5625,3.0,4.2439024390243905,-0.8072916666666666,0,1,1,1
2,5.0,00:06:56,12508.0,2,0,A,2,挑球,,,2.0,1.0,463.0,397.0,1.0,4.0,385.0,624.0,,,,,8.0,4.353658536585366,-0.4635416666666667,8.0,4.841463414634147,0.4427083333333333,0,1,1,1
2,6.0,00:06:58,12541.0,2,0,B,2,過度切球,,1.0,1.0,4.0,385.0,624.0,2.0,5.0,475.0,380.0,,,,,4.0,3.0365853658536586,0.8020833333333334,8.0,4.7560975609756095,-0.6041666666666666,0,1,1,1
2,7.0,00:06:58,12564.0,2,0,A,2,挑球,,,2.0,5.0,475.0,380.0,1.0,6.0,416.0,589.0,,,,,8.0,4.2317073170731705,-0.5052083333333334,8.0,4.585365853658536,0.5364583333333334,0,1,1,1
2,8.0,00:06:59,12588.0,2,0,B,2,點扣,,,1.0,6.0,416.0,589.0,2.0,6.0,762.0,356.0,,,,,8.0,4.146341463414634,0.578125,8.0,4.658536585365853,-0.5625,0,1,1,1
2,9.0,00:07:00,12606.0,2,0,A,2,擋小球,,1.0,2.0,6.0,762.0,356.0,2.0,1.0,807.0,474.0,,,,,8.0,4.658536585365853,-0.5625,8.0,3.9878048780487805,0.5833333333333334,0,1,1,1
2,10.0,00:07:01,12635.0,2,0,B,2,放小球,,,2.0,1.0,807.0,474.0,2.0,2.0,829.0,434.0,,,,,8.0,7.036585365853658,0.234375,8.0,6.219512195121951,-0.5625,0,1,1,1
2,11.0,00:07:02,12663.0,2,0,A,2,放小球,,1.0,2.0,2.0,829.0,434.0,2.0,1.0,848.0,456.0,,,,,2.0,7.609756097560975,-0.2864583333333333,8.0,6.878048780487805,0.2552083333333333,0,1,1,1
2,12.0,00:07:02,12685.0,2,0,B,3,挑球,,,2.0,1.0,848.0,456.0,2.0,12.0,1003.0,323.0,出界,對手出界,A,,1.0,7.7926829268292686,-0.020833333333333332,2.0,7.195121951219512,-0.296875,0,1,1,1
3,1.0,00:07:25,13362.0,3,0,A,1,發短球,,1.0,2.0,,,,2.0,7.0,698.0,483.0,,,,,8.0,5.536585365853658,-0.4479166666666667,8.0,6.963414634146342,0.4322916666666667,0,1,1,2
3,2.0,00:07:26,13385.0,3,0,B,2,放小球,,,2.0,7.0,698.0,483.0,2.0,7.0,516.0,427.0,,,,,7.0,6.2560975609756095,0.19791666666666666,8.0,5.7073170731707314,-0.4895833333333333,0,1,1,2
3,3.0,00:07:27,13411.0,3,0,A,2,挑球,,,2.0,7.0,516.0,427.0,1.0,9.0,516.0,634.0,,,,,7.0,4.682926829268292,-0.3697916666666667,8.0,5.597560975609756,0.24479166666666666,0,1,1,2
3,4.0,00:07:28,13446.0,3,0,B,2,長球,,,1.0,9.0,516.0,634.0,1.0,9.0,731.0,315.0,,,,,8.0,4.853658536585366,0.7291666666666666,8.0,5.280487804878049,-0.5989583333333334,0,1,1,2
3,5.0,00:07:29,13486.0,3,0,A,2,長球,,,1.0,9.0,731.0,315.0,1.0,4.0,416.0,620.0,,,,,9.0,6.280487804878049,-0.7708333333333334,8.0,6.182926829268292,0.4791666666666667,0,1,1,2
3,6.0,00:07:30,13523.0,3,0,B,2,長球,,1.0,1.0,4.0,416.0,620.0,1.0,9.0,595.0,324.0,,,,,6.0,3.5,0.6927083333333334,8.0,5.353658536585366,-0.6354166666666666,0,1,1,2
3,7.0,00:07:31,13555.0,3,0,A,2,殺球,,,1.0,9.0,595.0,324.0,2.0,8.0,639.0,561.0,,,,,8.0,5.134146341463414,-0.6666666666666666,8.0,5.536585365853658,0.5520833333333334,0,1,1,2
3,8.0,00:07:32,13566.0,3,0,B,3,擋小球,,,2.0,8.0,639.0,561.0,2.0,7.0,721.0,482.0,未過網,對手未過網,A,,8.0,6.2317073170731705,0.578125,8.0,4.560975609756097,-0.6822916666666666,0,1,1,2
4,1.0,00:07:59,14399.0,4,0,A,1,發長球,,1.0,2.0,,,,1.0,9.0,493.0,628.0,,,,,8.0,5.7926829268292686,-0.4270833333333333,8.0,4.7926829268292686,0.4583333333333333,0,1,1,3
4,2.0,00:08:01,14436.0,4,0,B,2,殺球,,,1.0,9.0,493.0,628.0,2.0,5.0,507.0,351.0,,,,,8.0,4.378048780487805,0.7239583333333334,8.0,5.0,-0.5885416666666666,0,1,1,3
4,3.0,00:08:01,14450.0,4,0,A,2,擋小球,,,2.0,5.0,507.0,351.0,1.0,7.0,698.0,504.0,,,,,8.0,4.7560975609756095,-0.59375,9.0,4.2073170731707314,0.796875,0,1,1,3
4,4.0,00:08:02,14476.0,4,0,B,2,放小球,,,1.0,7.0,698.0,504.0,2.0,7.0,764.0,431.0,,,,,8.0,5.890243902439025,0.2708333333333333,8.0,5.195121951219512,-0.625,0,1,1,3
4,5.0,00:08:03,14504.0,4,0,A,2,挑球,,1.0,2.0,7.0,764.0,431.0,1.0,4.0,463.0,644.0,,,,,7.0,6.7926829268292686,-0.375,8.0,6.2073170731707314,0.2916666666666667,0,1,1,3
4,6.0,00:08:04,14549.0,4,0,B,2,殺球,,,1.0,4.0,463.0,644.0,2.0,5.0,474.0,350.0,,,,,9.0,3.902439024390244,0.8489583333333334,8.0,4.987804878048781,-0.578125,0,1,1,3
4,7.0,00:08:05,14563.0,4,0,A,2,擋小球,,,2.0,5.0,474.0,350.0,1.0,2.0,428.0,491.0,,,,,8.0,4.7073170731707314,-0.6302083333333334,4.0,3.5,0.8125,0,1,1,3
4,8.0,00:08:06,14584.0,4,0,B,2,放小球,,1.0,1.0,2.0,428.0,491.0,2.0,1.0,476.0,399.0,,,,,8.0,4.024390243902439,0.24479166666666666,5.0,4.109756097560975,-0.5833333333333334,0,1,1,3
4,9.0,00:08:06,14609.0,4,0,A,2,挑球,,,2.0,1.0,476.0,399.0,1.0,4.0,387.0,635.0,,,,,8.0,4.2682926829268295,-0.4375,8.0,4.670731707317073,0.3229166666666667,0,1,1,3
4,10.0,00:08:08,14641.0,4,0,B,2,長球,1.0,,1.0,4.0,387.0,635.0,1.0,3.0,461.0,319.0,,,,,8.0,4.012195121951219,0.6927083333333334,8.0,4.841463414634147,-0.5989583333333334,0,1,1,3
4,11.0,00:08:08,14669.0,4,0,A,2,殺球,,,1.0,3.0,461.0,319.0,2.0,8.0,621.0,543.0,,,,,5.0,3.975609756097561,-0.6979166666666666,8.0,4.939024390243903,0.59375,0,1,1,3
4,12.0,00:08:09,14680.0,4,0,B,2,擋小球,,,2.0,8.0,621.0,543.0,1.0,8.0,692.0,383.0,,,,,8.0,5.621951219512195,0.5677083333333334,3.0,3.3292682926829267,-0.7395833333333334,0,1,1,3
4,13.0,00:08:10,14706.0,4,0,A,2,撲球,,1.0,1.0,8.0,692.0,383.0,2.0,6.0,474.0,543.0,,,,,8.0,6.060975609756097,-0.5104166666666666,8.0,5.512195121951219,0.4791666666666667,0,1,1,3
4,14.0,00:08:10,14721.0,4,0,B,3,擋小球,,1.0,2.0,6.0,474.0,543.0,2.0,1.0,414.0,437.0,未過網,對手未過網,A,,8.0,6.012195121951219,0.3854166666666667,8.0,5.7317073170731705,-0.4947916666666667,0,1,1,3
5,1.0,00:08:31,15335.0,5,0,A,1,發短球,,1.0,2.0,,,,2.0,7.0,686.0,504.0,,,,,8.0,5.560975609756097,-0.453125,8.0,6.975609756097561,0.453125,0,1,1,4
5,2.0,00:08:31,15358.0,5,0,B,2,挑球,,,2.0,7.0,686.0,504.0,1.0,3.0,517.0,320.0,,,,,7.0,5.987804878048781,0.18229166666666666,8.0,5.560975609756097,-0.4635416666666667,0,1,1,4
5,3.0,00:08:32,15385.0,5,0,A,2,後場抽平球,,,1.0,3.0,517.0,320.0,1.0,6.0,449.0,546.0,,,,,9.0,4.524390243902439,-0.765625,8.0,5.548780487804878,0.3177083333333333,0,1,1,4
5,4.0,00:08:33,15403.0,5,0,B,2,擋小球,,1.0,1.0,6.0,449.0,546.0,2.0,1.0,510.0,410.0,,,,,8.0,4.646341463414634,0.3854166666666667,8.0,4.658536585365853,-0.7083333333333334,0,1,1,4
5,5.0,00:08:34,15430.0,5,0,A,2,挑球,,,2.0,1.0,510.0,410.0,1.0,6.0,389.0,612.0,,,,,8.0,4.317073170731708,-0.4427083333333333,8.0,4.804878048780488,0.390625,0,1,1,4
5,6.0,00:08:35,15459.0,5,0,B,2,點扣,1.0,,1.0,6.0,389.0,612.0,2.0,6.0,760.0,350.0,,,,,8.0,4.2439024390243905,0.6354166666666666,8.0,4.939024390243903,-0.640625,0,1,1,4
5,7.0,00:08:35,15478.0,5,0,A,2,擋小球,,1.0,2.0,6.0,760.0,350.0,2.0,1.0,801.0,472.0,,,,,8.0,5.634146341463414,-0.59375,8.0,4.012195121951219,0.6354166666666666,0,1,1,4
5,8.0,00:08:36,15508.0,5,0,B,2,挑球,,,2.0,1.0,801.0,472.0,1.0,9.0,593.0,316.0,,,,,7.0,7.073170731707317,0.11979166666666667,8.0,6.463414634146342,-0.5625,0,1,1,4
5,9.0,00:08:38,15550.0,5,0,A,2,點扣,,,1.0,9.0,593.0,316.0,2.0,6.0,440.0,549.0,,,,,9.0,5.402439024390244,-0.7760416666666666,8.0,6.2439024390243905,0.3541666666666667,0,1,1,4
5,10.0,00:08:38,15564.0,5,0,B,2,擋小球,,1.0,2.0,6.0,440.0,549.0,2.0,7.0,754.0,397.0,,,,,8.0,6.146341463414634,0.484375,13.0,5.121951219512195,-0.8177083333333334,0,1,1,4
5,11.0,00:08:39,15594.0,5,0,A,2,推球,,1.0,2.0,7.0,754.0,397.0,1.0,5.0,802.0,566.0,,,,,8.0,6.548780487804878,-0.453125,8.0,5.2682926829268295,0.46875,0,1,1,4
5,12.0,00:08:40,15615.0,5,0,B,2,切球,,,1.0,5.0,802.0,566.0,2.0,2.0,812.0,399.0,,,,,8.0,6.439024390243903,0.53125,8.0,5.804878048780488,-0.5625,0,1,1,4
5,13.0,00:08:41,15641.0,5,0,A,2,挑球,,1.0,2.0,2.0,812.0,399.0,1.0,3.0,873.0,621.0,,,,,6.0,7.390243902439025,-0.4583333333333333,8.0,6.7073170731707314,0.3489583333333333,0,1,1,4
5,14.0,00:08:42,15676.0,5,0,B,2,殺球,,,1.0,3.0,873.0,621.0,2.0,6.0,811.0,343.0,,,,,5.0,7.670731707317073,0.6822916666666666,8.0,5.7317073170731705,-0.5885416666666666,0,1,1,4
5,15.0,00:08:42,15687.0,5,0,A,2,擋小球,,1.0,2.0,6.0,811.0,343.0,1.0,8.0,594.0,520.0,,,,,8.0,5.658536585365853,-0.609375,3.0,8.390243902439025,0.8229166666666666,0,1,1,4
5,16.0,00:08:43,15708.0,5,0,B,2,放小球,,1.0,1.0,8.0,594.0,520.0,2.0,7.0,651.0,411.0,,,,,8.0,6.658536585365853,0.40625,8.0,5.597560975609756,-0.5833333333333334,0,1,1,4
5,17.0,00:08:44,15736.0,5,0,A,2,挑球,,,2.0,7.0,651.0,411.0,1.0,3.0,874.0,636.0,,,,,8.0,5.902439024390244,-0.4375,8.0,5.390243902439025,0.3645833333333333,0,1,1,4
5,18.0,00:08:45,15777.0,5,0,B,2,切球,,,1.0,3.0,874.0,636.0,2.0,7.0,517.0,414.0,,,,,3.0,7.939024390243903,0.8489583333333334,8.0,5.7317073170731705,-0.5208333333333334,0,1,1,4
5,19.0,00:08:47,15811.0,5,0,A,2,挑球,,,2.0,7.0,517.0,414.0,1.0,4.0,447.0,634.0,,,,,8.0,4.658536585365853,-0.3958333333333333,8.0,6.060975609756097,0.4322916666666667,0,1,1,4
5,20.0,00:08:48,15845.0,5,0,B,2,長球,,,1.0,4.0,447.0,634.0,1.0,4.0,811.0,320.0,,,,,8.0,4.304878048780488,0.7708333333333334,8.0,4.963414634146342,-0.5572916666666666,0,1,1,4
5,21.0,00:08:49,15886.0,5,0,A,2,殺球,,,1.0,4.0,811.0,320.0,2.0,5.0,828.0,555.0,,,,,4.0,7.073170731707317,-0.7291666666666666,8.0,6.219512195121951,0.578125,0,1,1,4
5,22.0,00:08:49,15898.0,5,0,B,2,擋小球,,,2.0,5.0,828.0,555.0,2.0,5.0,494.0,392.0,,,,,8.0,6.902439024390244,0.5364583333333334,4.0,7.585365853658536,-0.7239583333333334,0,1,1,4
5,23.0,00:08:50,15929.0,5,0,A,2,挑球,,,2.0,5.0,494.0,392.0,1.0,6.0,444.0,612.0,,,,,8.0,4.621951219512195,-0.5,8.0,5.585365853658536,0.3854166666666667,0,1,1,4
5,24.0,00:08:51,15958.0,5,0,B,2,長球,,,1.0,6.0,444.0,612.0,1.0,3.0,513.0,313.0,,,,,8.0,4.219512195121951,0.6875,8.0,4.621951219512195,-0.5885416666666666,0,1,1,4
5,25.0,00:08:53,15994.0,5,0,A,2,點扣,,,1.0,3.0,513.0,313.0,2.0,6.0,460.0,550.0,,,,,9.0,4.536585365853658,-0.8020833333333334,8.0,5.219512195121951,0.5052083333333334,0,1,1,4
5,26.0,00:08:53,16010.0,5,0,B,2,擋小球,,1.0,2.0,6.0,460.0,550.0,1.0,7.0,732.0,407.0,,,,,8.0,5.634146341463414,0.4895833333333333,9.0,4.475609756097561,-0.8020833333333334,0,1,1,4
5,27.0,00:08:54,16036.0,5,0,A,2,推球,,1.0,1.0,7.0,732.0,407.0,1.0,8.0,747.0,563.0,,,,,8.0,6.548780487804878,-0.3958333333333333,8.0,5.634146341463414,0.4270833333333333,0,1,1,4
5,28.0,00:08:55,16051.0,5,0,B,3,平球,,,1.0,8.0,747.0,563.0,2.0,15.0,248.0,391.0,出界,對手出界,A,,8.0,5.914634146341464,0.46875,8.0,6.439024390243903,-0.4322916666666667,0,1,1,4
8,2.0,00:10:35,19055.0,6,2,A,2,放小球,,,2.0,,,,2.0,7.0,611.0,489.0,,,,,7.0,4.7073170731707314,-0.34375,8.0,5.817073170731708,0.3229166666666667,0,1,1,7
8,3.0,00:10:35,19055.0,6,2,B,2,放小球,,1.0,2.0,7.0,611.0,489.0,2.0,2.0,781.0,409.0,,,,,8.0,6.085365853658536,0.24479166666666666,8.0,5.097560975609756,-0.4739583333333333,0,1,1,7
8,4.0,00:10:36,19080.0,6,2,A,2,挑球,,1.0,2.0,2.0,781.0,409.0,1.0,3.0,846.0,639.0,,,,,8.0,6.780487804878049,-0.4322916666666667,8.0,5.829268292682927,0.28125,0,1,1,7
8,5.0,00:10:37,19114.0,6,2,B,2,過度切球,,,1.0,3.0,846.0,639.0,1.0,6.0,779.0,362.0,,,,,9.0,7.560975609756097,0.7916666666666666,8.0,5.7926829268292686,-0.5677083333333334,0,1,1,7
8,6.0,00:10:37,19128.0,6,2,A,2,放小球,,1.0,1.0,6.0,779.0,362.0,2.0,8.0,717.0,513.0,,,,,8.0,6.329268292682927,-0.515625,8.0,7.280487804878049,0.6927083333333334,0,1,1,7
8,7.0,00:10:38,19146.0,6,2,B,2,挑球,,,2.0,8.0,717.0,513.0,1.0,9.0,528.0,315.0,,,,,8.0,5.951219512195122,0.3333333333333333,8.0,6.109756097560975,-0.484375,0,1,1,7
8,8.0,00:10:39,19176.0,6,2,A,2,殺球,,,1.0,9.0,528.0,315.0,2.0,6.0,448.0,548.0,,,,,9.0,4.719512195121951,-0.8072916666666666,8.0,5.548780487804878,0.4322916666666667,0,1,1,7
8,9.0,00:10:39,19192.0,6,2,B,2,擋小球,,1.0,2.0,6.0,448.0,548.0,2.0,8.0,718.0,382.0,,,,,8.0,5.7682926829268295,0.4375,9.0,4.451219512195122,-0.734375,0,1,1,7
8,10.0,00:10:40,19216.0,6,2,A,2,放小球,,1.0,2.0,8.0,718.0,382.0,2.0,7.0,637.0,472.0,,,,,8.0,6.097560975609756,-0.453125,8.0,5.536585365853658,0.3854166666666667,0,1,1,7
8,11.0,00:10:41,19241.0,6,2,B,2,挑球,,,2.0,7.0,637.0,472.0,1.0,4.0,749.0,312.0,,,,,7.0,5.402439024390244,0.16666666666666666,8.0,5.780487804878049,-0.5104166666666666,0,1,1,7
8,12.0,00:10:42,19281.0,6,2,A,2,長球,,,1.0,4.0,749.0,312.0,1.0,3.0,826.0,638.0,,,,,9.0,6.365853658536586,-0.7760416666666666,8.0,6.2926829268292686,0.4114583333333333,0,1,1,7
8,13.0,00:10:44,19324.0,6,2,B,2,點扣,,,1.0,3.0,826.0,638.0,2.0,8.0,519.0,358.0,,,,,9.0,7.560975609756097,0.8385416666666666,8.0,5.658536585365853,-0.6145833333333334,0,1,1,7
8,14.0,00:10:44,19339.0,6,2,A,2,防守回挑,,,2.0,8.0,519.0,358.0,1.0,6.0,480.0,574.0,,,,,8.0,5.317073170731708,-0.5989583333333334,9.0,7.585365853658536,0.796875,0,1,1,7
8,15.0,00:10:45,19362.0,6,2,B,2,切球,,1.0,1.0,6.0,480.0,574.0,2.0,1.0,485.0,421.0,,,,,8.0,4.865853658536586,0.4791666666666667,8.0,4.573170731707317,-0.5520833333333334,0,1,1,7
8,16.0,00:10:46,19381.0,6,2,A,2,放小球,,,2.0,1.0,485.0,421.0,2.0,1.0,814.0,468.0,,,,,8.0,4.402439024390244,-0.3854166666666667,8.0,4.902439024390244,0.421875,0,1,1,7
8,17.0,00:10:47,19411.0,6,2,B,2,挑球,,,2.0,1.0,814.0,468.0,1.0,9.0,552.0,314.0,,,,,7.0,7.048780487804878,0.16145833333333334,8.0,5.7073170731707314,-0.4635416666666667,0,1,1,7
8,18.0,00:10:48,19447.0,6,2,A,2,長球,,,1.0,9.0,552.0,314.0,1.0,4.0,416.0,642.0,,,,,9.0,5.073170731707317,-0.7916666666666666,8.0,5.975609756097561,0.359375,0,1,1,7
8,19.0,00:10:49,19481.0,6,2,B,2,切球,,,1.0,4.0,416.0,642.0,2.0,6.0,806.0,382.0,,,,,8.0,3.9146341463414633,0.78125,8.0,5.109756097560975,-0.7135416666666666,0,1,1,7
8,20.0,00:10:51,19532.0,6,2,A,2,放小球,,1.0,2.0,6.0,806.0,382.0,2.0,1.0,788.0,475.0,,,,,8.0,7.024390243902439,-0.5,4.0,3.5121951219512195,0.8177083333333334,0,1,1,7
8,21.0,00:10:51,19535.0,6,2,B,2,放小球,,,2.0,1.0,788.0,475.0,2.0,1.0,484.0,426.0,,,,,7.0,6.963414634146342,0.22395833333333334,8.0,6.646341463414634,-0.5260416666666666,0,1,1,7
8,22.0,00:10:52,19563.0,6,2,A,2,挑球,,,2.0,1.0,484.0,426.0,1.0,4.0,448.0,627.0,,,,,7.0,4.2317073170731705,-0.3697916666666667,8.0,5.865853658536586,0.2760416666666667,0,1,1,7
8,23.0,00:10:53,19598.0,6,2,B,2,長球,,,1.0,4.0,448.0,627.0,1.0,9.0,528.0,314.0,,,,,8.0,4.219512195121951,0.7552083333333334,8.0,4.865853658536586,-0.515625,0,1,1,7
8,24.0,00:10:54,19634.0,6,2,A,2,長球,,,1.0,9.0,528.0,314.0,1.0,4.0,426.0,641.0,,,,,9.0,4.609756097560975,-0.7291666666666666,8.0,5.451219512195122,0.4791666666666667,0,1,1,7
8,25.0,00:10:55,19671.0,6,2,B,2,切球,,,1.0,4.0,426.0,641.0,2.0,6.0,807.0,375.0,,,,,6.0,3.548780487804878,0.7760416666666666,8.0,4.878048780487805,-0.6614583333333334,0,1,1,7
8,26.0,00:10:57,19717.0,6,2,A,2,放小球,,1.0,2.0,6.0,807.0,375.0,2.0,1.0,817.0,478.0,,,,,6.0,7.121951219512195,-0.5520833333333334,6.0,3.548780487804878,0.7447916666666666,0,1,1,7
8,27.0,00:10:57,19722.0,6,2,B,2,挑球,,,2.0,1.0,817.0,478.0,1.0,4.0,784.0,312.0,,,,,7.0,7.2560975609756095,0.13020833333333334,8.0,6.597560975609756,-0.5572916666666666,0,1,1,7
8,28.0,00:10:58,19762.0,6,2,A,2,點扣,,,1.0,4.0,784.0,312.0,2.0,6.0,433.0,545.0,,,,,9.0,6.914634146341464,-0.7552083333333334,8.0,6.5,0.390625,0,1,1,7
8,29.0,00:10:59,19779.0,6,2,B,2,擋小球,,1.0,2.0,6.0,433.0,545.0,2.0,1.0,447.0,404.0,,,,,8.0,6.2073170731707314,0.4583333333333333,4.0,7.134146341463414,-0.7760416666666666,0,1,1,7
8,30.0,00:11:00,19813.0,6,2,A,2,挑球,,,2.0,1.0,447.0,404.0,1.0,4.0,397.0,640.0,,,,,5.0,3.926829268292683,-0.3958333333333333,8.0,4.097560975609756,0.3541666666666667,0,1,1,7
8,31.0,00:11:01,19851.0,6,2,B,3,切球,,,1.0,4.0,397.0,640.0,2.0,11.0,877.0,369.0,出界,對手出界,A,,4.0,3.1951219512195124,0.8072916666666666,8.0,4.2926829268292686,-0.5364583333333334,0,1,1,7
9,3.0,00:11:46,21206.0,7,2,A,2,挑球,,,2.0,,,,1.0,6.0,444.0,614.0,,,,,8.0,4.573170731707317,-0.3802083333333333,8.0,5.548780487804878,0.2604166666666667,0,1,1,8
9,4.0,00:11:47,21231.0,7,2,B,2,長球,,,1.0,6.0,444.0,614.0,1.0,9.0,716.0,314.0,,,,,8.0,4.7317073170731705,0.6041666666666666,8.0,4.682926829268292,-0.546875,0,1,1,8
9,5.0,00:11:48,21268.0,7,2,A,2,切球,,,1.0,9.0,716.0,314.0,2.0,5.0,818.0,520.0,,,,,8.0,5.987804878048781,-0.7135416666666666,8.0,5.7560975609756095,0.4739583333333333,0,1,1,8
9,6.0,00:11:49,21286.0,7,2,B,2,放小球,,,2.0,5.0,818.0,520.0,1.0,7.0,535.0,398.0,,,,,8.0,7.158536585365853,0.390625,9.0,6.158536585365853,-0.7291666666666666,0,1,1,8
9,7.0,00:11:50,21309.0,7,2,A,2,推球,,,1.0,7.0,535.0,398.0,1.0,6.0,447.0,559.0,,,,,8.0,4.878048780487805,-0.4427083333333333,8.0,6.2926829268292686,0.4375,0,1,1,8
9,8.0,00:11:50,21325.0,7,2,B,2,擋小球,,1.0,1.0,6.0,447.0,559.0,1.0,1.0,498.0,420.0,,,,,8.0,5.2073170731707314,0.4322916666666667,8.0,4.926829268292683,-0.4583333333333333,0,1,1,8
9,9.0,00:11:51,21341.0,7,2,A,3,撲球,,,1.0,1.0,498.0,420.0,2.0,5.0,841.0,586.0,對手落地致勝,落地致勝,A,,1.0,3.9878048780487805,-0.375,6.0,3.5853658536585367,0.28125,0,1,1,8
10,2.0,00:12:22,22270.0,8,2,B,2,挑球,,,2.0,,,,1.0,4.0,780.0,315.0,,,,,8.0,4.890243902439025,0.24479166666666666,8.0,5.670731707317073,-0.46875,0,1,1,9
10,3.0,00:12:23,22315.0,8,2,A,2,長球,,,1.0,4.0,780.0,315.0,1.0,3.0,875.0,643.0,,,,,9.0,6.902439024390244,-0.75,8.0,6.317073170731708,0.4114583333333333,0,1,1,9
10,4.0,00:12:25,22355.0,8,2,B,2,長球,,,1.0,3.0,875.0,643.0,1.0,3.0,504.0,314.0,,,,,3.0,8.25609756097561,0.8541666666666666,8.0,6.134146341463414,-0.5989583333333334,0,1,1,9
10,5.0,00:12:26,22395.0,8,2,A,3,殺球,,,1.0,3.0,504.0,314.0,2.0,6.0,387.0,582.0,對手落地致勝,落地致勝,A,,9.0,4.841463414634147,-0.7760416666666666,8.0,6.0,0.5677083333333334,0,1,1,9
11,1.0,00:12:49,23086.0,9,2,A,1,發短球,,1.0,2.0,,,,2.0,7.0,694.0,482.0,,,,,8.0,5.560975609756097,-0.4322916666666667,8.0,7.036585365853658,0.5052083333333334,0,1,1,10
11,2.0,00:12:50,23110.0,9,2,B,2,放小球,,,2.0,7.0,694.0,482.0,2.0,7.0,597.0,416.0,,,,,7.0,6.2926829268292686,0.19791666666666666,8.0,5.670731707317073,-0.4791666666666667,0,1,1,10
11,3.0,00:12:51,23134.0,9,2,A,3,放小球,,,2.0,7.0,597.0,416.0,2.0,2.0,430.0,470.0,對手落地致勝,落地致勝,A,,8.0,5.329268292682927,-0.3958333333333333,8.0,5.7926829268292686,0.2708333333333333,0,1,1,10
13,1.0,00:13:28,24268.0,9,4,B,1,發短球,,1.0,2.0,,,,2.0,7.0,677.0,416.0,,,,,8.0,5.573170731707317,0.328125,8.0,6.841463414634147,-0.6145833333333334,0,1,1,12
13,2.0,00:13:29,24287.0,9,4,A,2,挑球,,,2.0,7.0,677.0,416.0,1.0,4.0,417.0,640.0,,,,,8.0,6.182926829268292,-0.40625,8.0,5.646341463414634,0.3072916666666667,0,1,1,12
13,3.0,00:13:31,24331.0,9,4,B,2,殺球,,,1.0,4.0,417.0,640.0,2.0,5.0,459.0,349.0,,,,,9.0,3.9146341463414633,0.8020833333333334,8.0,4.853658536585366,-0.5833333333333334,0,1,1,12
13,4.0,00:13:32,24366.0,9,4,A,2,擋小球,,,2.0,5.0,459.0,349.0,2.0,2.0,460.0,481.0,,,,,8.0,4.597560975609756,-0.5520833333333334,8.0,3.8780487804878048,0.7552083333333334,0,1,1,12
13,5.0,00:13:32,24370.0,9,4,B,2,挑球,,1.0,2.0,2.0,460.0,481.0,1.0,9.0,736.0,313.0,,,,,8.0,4.073170731707317,0.22395833333333334,8.0,4.365853658536586,-0.59375,0,1,1,12
13,6.0,00:13:33,24400.0,9,4,A,3,殺球,1.0,,1.0,9.0,736.0,313.0,2.0,15.0,935.0,597.0,出界,對手出界,B,,8.0,5.951219512195122,-0.671875,8.0,5.512195121951219,0.3802083333333333,0,1,1,12
14,2.0,00:13:50,24907.0,9,5,A,2,放小球,,,2.0,,,,2.0,2.0,466.0,467.0,,,,,8.0,5.280487804878049,-0.4322916666666667,8.0,5.841463414634147,0.3333333333333333,0,1,1,13
14,3.0,00:13:51,24936.0,9,5,B,2,放小球,,1.0,2.0,2.0,466.0,467.0,2.0,1.0,464.0,436.0,,,,,7.0,4.2560975609756095,0.109375,8.0,5.060975609756097,-0.5,0,1,1,13
14,4.0,00:13:52,24964.0,9,5,A,2,挑球,,,2.0,1.0,464.0,436.0,1.0,4.0,457.0,631.0,,,,,1.0,4.0,-0.3020833333333333,7.0,4.7682926829268295,0.19270833333333334,0,1,1,13
14,5.0,00:13:53,25000.0,9,5,B,2,點扣,,,1.0,4.0,457.0,631.0,2.0,8.0,621.0,361.0,,,,,8.0,4.2073170731707314,0.6979166666666666,8.0,4.804878048780488,-0.5520833333333334,0,1,1,13
14,6.0,00:13:53,25016.0,9,5,A,2,擋小球,,1.0,2.0,8.0,621.0,361.0,1.0,7.0,501.0,482.0,,,,,8.0,4.7926829268292686,-0.6041666666666666,8.0,4.182926829268292,0.7135416666666666,0,1,1,13
14,7.0,00:13:54,25041.0,9,5,B,2,放小球,,1.0,1.0,7.0,501.0,482.0,2.0,7.0,755.0,411.0,,,,,7.0,4.158536585365853,0.18229166666666666,8.0,5.073170731707317,-0.59375,0,1,1,13
14,8.0,00:13:55,25065.0,9,5,A,2,挑球,,1.0,2.0,7.0,755.0,411.0,1.0,4.0,462.0,634.0,,,,,8.0,6.621951219512195,-0.3958333333333333,7.0,5.304878048780488,0.21875,0,1,1,13
14,9.0,00:13:56,25098.0,9,5,B,2,長球,,,1.0,4.0,462.0,634.0,1.0,13.0,506.0,309.0,,,,,8.0,4.451219512195122,0.703125,8.0,5.195121951219512,-0.5625,0,1,1,13
14,10.0,00:13:58,25141.0,9,5,A,2,點扣,,,1.0,13.0,506.0,309.0,2.0,6.0,410.0,545.0,,,,,9.0,4.512195121951219,-0.7916666666666666,8.0,5.548780487804878,0.5364583333333334,0,1,1,13
14,11.0,00:13:58,25156.0,9,5,B,2,防守回挑,,1.0,2.0,6.0,410.0,545.0,1.0,5.0,488.0,335.0,,,,,8.0,5.682926829268292,0.4375,9.0,4.512195121951219,-0.7708333333333334,0,1,1,13
14,12.0,00:13:59,25183.0,9,5,A,2,切球,,,1.0,5.0,488.0,335.0,2.0,2.0,468.0,455.0,,,,,5.0,4.036585365853658,-0.5885416666666666,8.0,4.451219512195122,0.453125,0,1,1,13
14,13.0,00:14:00,25209.0,9,5,B,2,放小球,,1.0,2.0,2.0,468.0,455.0,2.0,2.0,798.0,416.0,,,,,7.0,3.9146341463414633,0.203125,8.0,4.2439024390243905,-0.578125,0,1,1,13
14,14.0,00:14:01,25235.0,9,5,A,2,挑球,,1.0,2.0,2.0,798.0,416.0,1.0,4.0,446.0,628.0,,,,,7.0,7.109756097560975,-0.375,8.0,5.280487804878049,0.3333333333333333,0,1,1,13
14,15.0,00:14:02,25272.0,9,5,B,3,切球,,,1.0,4.0,446.0,628.0,2.0,6.0,779.0,384.0,對手落地致勝,落地致勝,B,,8.0,4.012195121951219,0.75,8.0,5.036585365853658,-0.5677083333333334,0,1,1,13
15,1.0,00:14:51,26734.0,10,5,B,1,發長球,,1.0,2.0,,,,1.0,9.0,684.0,314.0,,,,,8.0,5.548780487804878,0.296875,8.0,6.719512195121951,-0.6354166666666666,0,1,1,14
15,2.0,00:14:51,26758.0,10,5,A,2,殺球,,,1.0,9.0,684.0,314.0,2.0,8.0,614.0,549.0,,,,,9.0,6.2073170731707314,-0.71875,8.0,5.975609756097561,0.5052083333333334,0,1,1,14
15,3.0,00:14:52,26767.0,10,5,B,2,擋小球,,1.0,2.0,8.0,614.0,549.0,2.0,6.0,780.0,383.0,,,,,8.0,6.219512195121951,0.5677083333333334,9.0,5.682926829268292,-0.7395833333333334,0,1,1,14
15,4.0,00:14:53,26798.0,10,5,A,2,放小球,,1.0,2.0,6.0,780.0,383.0,2.0,1.0,811.0,473.0,,,,,8.0,6.463414634146342,-0.484375,8.0,6.280487804878049,0.4270833333333333,0,1,1,14
15,5.0,00:14:54,26825.0,10,5,B,3,放小球,,,2.0,1.0,811.0,473.0,2.0,1.0,820.0,450.0,掛網,對手掛網,A,,1.0,7.426829268292683,0.15104166666666666,8.0,6.426829268292683,-0.515625,0,1,1,14
16,2.0,00:15:16,27484.0,11,5,B,2,放小球,,1.0,2.0,,,,2.0,2.0,823.0,406.0,,,,,7.0,6.2926829268292686,0.13020833333333334,8.0,5.341463414634147,-0.484375,0,1,1,15
16,3.0,00:15:16,27509.0,11,5,A,2,挑球,,1.0,2.0,2.0,823.0,406.0,1.0,4.0,401.0,640.0,,,,,6.0,7.463414634146342,-0.4010416666666667,8.0,6.2926829268292686,0.3333333333333333,0,1,1,15
16,4.0,00:15:18,27545.0,11,5,B,2,長球,,,1.0,4.0,401.0,640.0,1.0,9.0,527.0,317.0,,,,,8.0,4.7439024390243905,0.7604166666666666,8.0,5.2560975609756095,-0.578125,0,1,1,15
16,5.0,00:15:19,27583.0,11,5,A,3,切球,,,1.0,9.0,527.0,317.0,2.0,15.0,892.0,522.0,對手落地致勝,落地致勝,A,,9.0,4.621951219512195,-0.7604166666666666,8.0,5.2439024390243905,0.5260416666666666,0,1,1,15
17,1.0,00:16:59,30573.0,11,6,A,1,發短球,,1.0,2.0,,,,2.0,7.0,592.0,480.0,,,,,8.0,5.780487804878049,-0.4635416666666667,8.0,4.878048780487805,0.4739583333333333,0,1,1,16
17,2.0,00:16:59,30595.0,11,6,B,2,挑球,,1.0,2.0,7.0,592.0,480.0,1.0,4.0,790.0,313.0,,,,,7.0,5.646341463414634,0.15625,8.0,5.609756097560975,-0.5677083333333334,0,1,1,16
17,3.0,00:17:01,30631.0,11,6,A,2,長球,,1.0,1.0,4.0,790.0,313.0,1.0,8.0,642.0,608.0,,,,,4.0,7.085365853658536,-0.7760416666666666,8.0,6.414634146341464,0.296875,0,1,1,16
17,4.0,00:17:02,30664.0,11,6,B,2,殺球,,,1.0,8.0,642.0,608.0,1.0,5.0,507.0,343.0,,,,,8.0,5.914634146341464,0.6354166666666666,8.0,5.280487804878049,-0.6458333333333334,0,1,1,16
17,5.0,00:17:02,30678.0,11,6,A,3,擋小球,,,1.0,5.0,507.0,343.0,2.0,1.0,465.0,439.0,掛網,對手掛網,B,,8.0,5.048780487804878,-0.6666666666666666,8.0,5.829268292682927,0.6927083333333334,0,1,1,16
18,2.0,00:17:18,31142.0,11,7,A,2,挑球,,,2.0,,,,1.0,9.0,786.0,625.0,,,,,8.0,4.475609756097561,-0.3854166666666667,8.0,5.695121951219512,0.3333333333333333,0,1,1,17
18,3.0,00:17:19,31172.0,11,7,B,2,擋小球,,,1.0,9.0,786.0,625.0,2.0,6.0,805.0,389.0,,,,,8.0,6.719512195121951,0.6979166666666666,8.0,5.5,-0.5,0,1,1,17
18,4.0,00:17:20,31211.0,11,7,A,2,放小球,,1.0,2.0,6.0,805.0,389.0,2.0,1.0,795.0,468.0,,,,,6.0,7.2073170731707314,-0.4322916666666667,8.0,6.5,0.6354166666666666,0,1,1,17
18,5.0,00:17:20,31214.0,11,7,B,2,挑球,,,2.0,1.0,795.0,468.0,1.0,9.0,740.0,312.0,,,,,7.0,7.365853658536586,0.20833333333333334,8.0,6.402439024390244,-0.5,0,1,1,17
18,6.0,00:17:21,31255.0,11,7,A,2,長球,,,1.0,9.0,740.0,312.0,1.0,4.0,432.0,639.0,,,,,9.0,6.304878048780488,-0.734375,8.0,6.329268292682927,0.4635416666666667,0,1,1,17
18,7.0,00:17:23,31294.0,11,7,B,2,點扣,,,1.0,4.0,432.0,639.0,2.0,6.0,780.0,362.0,,,,,9.0,3.8658536585365852,0.8125,8.0,5.219512195121951,-0.65625,0,1,1,17
18,8.0,00:17:23,31309.0,11,7,A,2,擋小球,,1.0,2.0,6.0,780.0,362.0,2.0,1.0,798.0,467.0,,,,,8.0,4.926829268292683,-0.6041666666666666,4.0,3.4390243902439024,0.8177083333333334,0,1,1,17
18,9.0,00:17:24,31347.0,11,7,B,2,挑球,,,2.0,1.0,798.0,467.0,1.0,4.0,791.0,311.0,,,,,7.0,7.036585365853658,0.15104166666666666,8.0,6.963414634146342,-0.4947916666666667,0,1,1,17
18,10.0,00:17:26,31393.0,11,7,A,2,殺球,,,1.0,4.0,791.0,311.0,2.0,5.0,846.0,551.0,,,,,4.0,7.182926829268292,-0.75,8.0,6.7317073170731705,0.359375,0,1,1,17
18,11.0,00:17:26,31405.0,11,7,B,2,擋小球,,,2.0,5.0,846.0,551.0,2.0,5.0,501.0,378.0,,,,,8.0,6.804878048780488,0.5052083333333334,4.0,7.060975609756097,-0.8125,0,1,1,17
18,12.0,00:17:27,31439.0,11,7,A,2,挑球,,,2.0,5.0,501.0,378.0,1.0,4.0,470.0,624.0,,,,,8.0,4.548780487804878,-0.5104166666666666,8.0,7.0,0.484375,0,1,1,17
18,13.0,00:17:28,31469.0,11,7,B,2,切球,,,1.0,4.0,470.0,624.0,2.0,7.0,520.0,414.0,,,,,8.0,4.560975609756097,0.6875,8.0,4.634146341463414,-0.5885416666666666,0,1,1,17
18,14.0,00:17:29,31496.0,11,7,A,2,挑球,,,2.0,7.0,520.0,414.0,1.0,14.0,924.0,631.0,,,,,8.0,4.414634146341464,-0.4114583333333333,8.0,4.475609756097561,0.59375,0,1,1,17
18,15.0,00:17:31,31534.0,11,7,B,2,切球,,,1.0,14.0,924.0,631.0,2.0,5.0,498.0,392.0,,,,,3.0,8.292682926829269,0.796875,8.0,5.804878048780488,-0.6041666666666666,0,1,1,17
18,16.0,00:17:32,31560.0,11,7,A,2,挑球,,,2.0,5.0,498.0,392.0,1.0,3.0,853.0,639.0,,,,,8.0,4.658536585365853,-0.453125,8.0,6.7073170731707314,0.546875,0,1,1,17
18,17.0,00:17:33,31595.0,11,7,B,2,切球,,,1.0,3.0,853.0,639.0,2.0,1.0,505.0,422.0,,,,,9.0,7.634146341463414,0.84375,8.0,5.573170731707317,-0.5572916666666666,0,1,1,17
18,18.0,00:17:34,31621.0,11,7,A,2,放小球,,,2.0,1.0,505.0,422.0,2.0,2.0,437.0,460.0,,,,,7.0,4.658536585365853,-0.328125,8.0,6.487804878048781,0.5677083333333334,0,1,1,17
18,19.0,00:17:34,31647.0,11,7,B,2,挑球,,1.0,2.0,2.0,437.0,460.0,1.0,3.0,514.0,315.0,,,,,2.0,3.7804878048780486,0.078125,8.0,4.902439024390244,-0.40625,0,1,1,17
18,20.0,00:17:36,31699.0,11,7,A,2,點扣,,,1.0,3.0,514.0,315.0,2.0,8.0,599.0,544.0,,,,,9.0,4.426829268292683,-0.8072916666666666,8.0,5.170731707317073,0.34375,0,1,1,17
18,21.0,00:17:37,31715.0,11,7,B,2,擋小球,,,2.0,8.0,599.0,544.0,2.0,1.0,510.0,399.0,,,,,8.0,5.2560975609756095,0.5,9.0,4.817073170731708,-0.71875,0,1,1,17
18,22.0,00:17:37,31735.0,11,7,A,2,放小球,,,2.0,1.0,510.0,399.0,2.0,1.0,855.0,483.0,,,,,8.0,4.597560975609756,-0.484375,8.0,5.073170731707317,0.515625,0,1,1,17
18,23.0,00:17:38,31765.0,11,7,B,2,放小球,,,2.0,1.0,855.0,483.0,2.0,2.0,812.0,422.0,,,,,1.0,7.560975609756097,0.18229166666666666,8.0,5.963414634146342,-0.5520833333333334,0,1,1,17
18,24.0,00:17:39,31797.0,11,7,A,2,挑球,,1.0,2.0,2.0,812.0,422.0,1.0,3.0,889.0,645.0,,,,,7.0,7.085365853658536,-0.328125,8.0,6.573170731707317,0.296875,0,1,1,17
18,25.0,00:17:41,31843.0,11,7,B,2,切球,,,1.0,3.0,889.0,645.0,2.0,2.0,811.0,400.0,,,,,3.0,8.402439024390244,0.8958333333333334,8.0,5.865853658536586,-0.5833333333333334,0,1,1,17
18,26.0,00:17:42,31875.0,11,7,A,2,放小球,,1.0,2.0,2.0,811.0,400.0,2.0,1.0,774.0,457.0,,,,,6.0,7.146341463414634,-0.3854166666666667,8.0,7.060975609756097,0.5833333333333334,0,1,1,17
18,27.0,00:17:43,31904.0,11,7,B,2,放小球,,,2.0,1.0,774.0,457.0,2.0,7.0,533.0,439.0,,,,,7.0,6.987804878048781,0.041666666666666664,8.0,6.2439024390243905,-0.4635416666666667,0,1,1,17
18,28.0,00:17:44,31932.0,11,7,A,2,放小球,,,2.0,7.0,533.0,439.0,1.0,7.0,713.0,457.0,,,,,7.0,4.414634146341464,-0.2760416666666667,7.0,6.341463414634147,0.08854166666666667,0,1,1,17
18,29.0,00:17:45,31953.0,11,7,B,3,撲球,,,1.0,7.0,713.0,457.0,2.0,8.0,716.0,366.0,對手落地致勝,落地致勝,B,,7.0,5.634146341463414,0.057291666666666664,1.0,4.073170731707317,-0.3541666666666667,0,1,1,17
19,2.0,00:18:21,33049.0,12,7,A,2,推球,,1.0,2.0,,,,1.0,6.0,469.0,544.0,,,,,7.0,5.695121951219512,-0.375,8.0,5.902439024390244,0.3541666666666667,0,1,1,18
19,3.0,00:18:21,33050.0,12,7,B,2,擋小球,,1.0,1.0,6.0,469.0,544.0,2.0,1.0,475.0,415.0,,,,,8.0,5.146341463414634,0.390625,8.0,5.073170731707317,-0.4270833333333333,0,1,1,18
19,4.0,00:18:22,33073.0,12,7,A,2,挑球,,,2.0,1.0,475.0,415.0,1.0,4.0,394.0,635.0,,,,,8.0,4.402439024390244,-0.3854166666666667,8.0,4.902439024390244,0.453125,0,1,1,18
19,5.0,00:18:23,33103.0,12,7,B,2,長球,,,1.0,4.0,394.0,635.0,1.0,13.0,751.0,310.0,,,,,8.0,4.0,0.7395833333333334,8.0,4.987804878048781,-0.578125,0,1,1,18
19,6.0,00:18:24,33136.0,12,7,A,2,點扣,,,1.0,13.0,751.0,310.0,2.0,5.0,841.0,555.0,,,,,8.0,6.390243902439025,-0.7083333333333334,8.0,5.439024390243903,0.6666666666666666,0,1,1,18
19,7.0,00:18:24,33149.0,12,7,B,2,擋小球,,,2.0,5.0,841.0,555.0,2.0,8.0,516.0,388.0,,,,,8.0,6.7439024390243905,0.4947916666666667,9.0,6.658536585365853,-0.734375,0,1,1,18
19,8.0,00:18:26,33180.0,12,7,A,2,推球,,,2.0,8.0,516.0,388.0,1.0,6.0,439.0,566.0,,,,,8.0,4.829268292682927,-0.4739583333333333,8.0,6.463414634146342,0.4635416666666667,0,1,1,18
19,9.0,00:18:26,33198.0,12,7,B,2,過度切球,1.0,,1.0,6.0,439.0,566.0,2.0,8.0,518.0,384.0,,,,,8.0,5.378048780487805,0.46875,8.0,4.914634146341464,-0.546875,0,1,1,18
19,10.0,00:18:27,33215.0,12,7,A,2,平球,,,2.0,8.0,518.0,384.0,1.0,8.0,600.0,541.0,,,,,8.0,4.426829268292683,-0.5729166666666666,8.0,4.658536585365853,0.5052083333333334,0,1,1,18
19,11.0,00:18:27,33227.0,12,7,B,2,平球,,,1.0,8.0,600.0,541.0,2.0,8.0,699.0,370.0,,,,,8.0,5.414634146341464,0.46875,8.0,4.646341463414634,-0.546875,0,1,1,18
19,12.0,00:18:28,33246.0,12,7,A,2,挑球,,1.0,2.0,8.0,699.0,370.0,1.0,3.0,883.0,625.0,,,,,8.0,5.573170731707317,-0.4739583333333333,8.0,5.670731707317073,0.4166666666666667,0,1,1,18
19,13.0,00:18:29,33276.0,12,7,B,2,過度切球,,,1.0,3.0,883.0,625.0,1.0,8.0,591.0,378.0,,,,,5.0,7.695121951219512,0.78125,8.0,5.817073170731708,-0.5677083333333334,0,1,1,18
19,14.0,00:18:29,33299.0,12,7,A,2,放小球,,,1.0,8.0,591.0,378.0,2.0,2.0,415.0,486.0,,,,,8.0,5.426829268292683,-0.546875,8.0,6.878048780487805,0.5729166666666666,0,1,1,18
19,15.0,00:18:30,33327.0,12,7,B,2,放小球,,1.0,2.0,2.0,415.0,486.0,2.0,1.0,444.0,423.0,,,,,6.0,3.6341463414634148,0.265625,8.0,5.329268292682927,-0.515625,0,1,1,18
19,16.0,00:18:31,33354.0,12,7,A,2,放小球,,,2.0,1.0,444.0,423.0,2.0,2.0,437.0,456.0,,,,,5.0,3.902439024390244,-0.40625,8.0,4.536585365853658,0.3229166666666667,0,1,1,18
19,17.0,00:18:32,33384.0,12,7,B,3,放小球,,1.0,2.0,2.0,437.0,456.0,2.0,1.0,426.0,447.0,未過網,對手未過網,A,,2.0,3.6951219512195124,0.03125,8.0,4.7073170731707314,-0.4010416666666667,0,1,1,18
20,2.0,00:19:01,34245.0,13,7,B,2,點扣,,,1.0,,,,2.0,6.0,807.0,354.0,,,,,3.0,7.902439024390244,0.84375,8.0,5.451219512195122,-0.5520833333333334,0,1,1,19
20,3.0,00:19:02,34260.0,13,7,A,2,擋小球,,1.0,2.0,6.0,807.0,354.0,2.0,1.0,817.0,462.0,,,,,8.0,5.548780487804878,-0.5625,8.0,6.926829268292683,0.6770833333333334,0,1,1,19
20,4.0,00:19:02,34286.0,13,7,B,2,放小球,,,2.0,1.0,817.0,462.0,2.0,2.0,781.0,431.0,,,,,7.0,7.280487804878049,0.13541666666666666,8.0,6.378048780487805,-0.53125,0,1,1,19
20,5.0,00:19:03,34317.0,13,7,A,2,放小球,,1.0,2.0,2.0,781.0,431.0,2.0,1.0,783.0,457.0,,,,,7.0,6.926829268292683,-0.2708333333333333,7.0,6.695121951219512,0.203125,0,1,1,19
20,6.0,00:19:04,34342.0,13,7,B,2,放小球,,,2.0,1.0,783.0,457.0,1.0,2.0,809.0,431.0,,,,,7.0,7.146341463414634,-0.005208333333333333,7.0,6.524390243902439,-0.3125,0,1,1,19
20,7.0,00:19:05,34359.0,13,7,A,3,撲球,,1.0,1.0,2.0,809.0,431.0,2.0,8.0,581.0,614.0,對手落地致勝,落地致勝,A,,7.0,6.317073170731708,-0.25,7.0,7.085365853658536,0.010416666666666666,0,1,1,19
21,1.0,00:19:27,35038.0,13,8,A,1,發長球,,1.0,2.0,,,,1.0,9.0,540.0,633.0,,,,,8.0,5.817073170731708,-0.4583333333333333,8.0,4.817073170731708,0.5052083333333334,0,1,1,20
21,2.0,00:19:28,35068.0,13,8,B,2,點扣,,,1.0,9.0,540.0,633.0,2.0,5.0,499.0,359.0,,,,,8.0,4.841463414634147,0.65625,8.0,5.182926829268292,-0.5729166666666666,0,1,1,20
21,3.0,00:19:29,35081.0,13,8,A,2,擋小球,,,2.0,5.0,499.0,359.0,2.0,2.0,447.0,489.0,,,,,8.0,4.890243902439025,-0.5989583333333334,8.0,5.024390243902439,0.6614583333333334,0,1,1,20
21,4.0,00:19:30,35105.0,13,8,B,2,挑球,,1.0,2.0,2.0,447.0,489.0,1.0,4.0,759.0,317.0,,,,,8.0,3.9146341463414633,0.2708333333333333,8.0,4.780487804878049,-0.59375,0,1,1,20
21,5.0,00:19:31,35142.0,13,8,A,2,長球,,1.0,1.0,4.0,759.0,317.0,1.0,8.0,742.0,604.0,,,,,9.0,6.682926829268292,-0.8020833333333334,8.0,6.024390243902439,0.296875,0,1,1,20
21,6.0,00:19:32,35173.0,13,8,B,3,點扣,,,1.0,8.0,742.0,604.0,2.0,5.0,455.0,354.0,對手落地致勝,落地致勝,B,,8.0,6.573170731707317,0.7239583333333334,8.0,5.414634146341464,-0.640625,0,1,1,20
22,2.0,00:20:03,36096.0,14,8,A,2,長球,,,1.0,,,,1.0,4.0,475.0,638.0,,,,,9.0,5.329268292682927,-0.7864583333333334,8.0,5.7926829268292686,0.4791666666666667,0,1,1,21
22,3.0,00:20:04,36132.0,14,8,B,2,切球,,,1.0,4.0,475.0,638.0,2.0,6.0,814.0,394.0,,,,,8.0,4.451219512195122,0.71875,8.0,5.219512195121951,-0.6041666666666666,0,1,1,21
22,4.0,00:20:05,36163.0,14,8,A,2,挑球,,1.0,2.0,6.0,814.0,394.0,1.0,9.0,781.0,621.0,,,,,8.0,7.060975609756097,-0.4270833333333333,8.0,5.597560975609756,0.5260416666666666,0,1,1,21
22,5.0,00:20:06,36195.0,14,8,B,2,點扣,,,1.0,9.0,781.0,621.0,2.0,8.0,542.0,352.0,,,,,8.0,7.097560975609756,0.7552083333333334,8.0,5.841463414634147,-0.59375,0,1,1,21
22,6.0,00:20:06,36208.0,14,8,A,2,防守回抽,,,2.0,8.0,542.0,352.0,1.0,8.0,498.0,571.0,,,,,8.0,5.365853658536586,-0.5989583333333334,8.0,7.195121951219512,0.75,0,1,1,21
22,7.0,00:20:07,36234.0,14,8,B,2,切球,,,1.0,8.0,498.0,571.0,2.0,7.0,513.0,415.0,,,,,8.0,4.817073170731708,0.53125,8.0,4.7926829268292686,-0.6041666666666666,0,1,1,21
22,8.0,00:20:08,36263.0,14,8,A,2,挑球,,,2.0,7.0,513.0,415.0,1.0,4.0,448.0,643.0,,,,,8.0,4.280487804878049,-0.4114583333333333,8.0,4.524390243902439,0.3645833333333333,0,1,1,21
22,9.0,00:20:10,36300.0,14,8,B,2,長球,,,1.0,4.0,448.0,643.0,1.0,9.0,714.0,311.0,,,,,8.0,3.951219512195122,0.7447916666666666,8.0,5.134146341463414,-0.5885416666666666,0,1,1,21
22,10.0,00:20:11,36346.0,14,8,A,2,長球,,,1.0,9.0,714.0,311.0,1.0,4.0,473.0,635.0,,,,,9.0,6.170731707317073,-0.7708333333333334,8.0,6.085365853658536,0.5,0,1,1,21
22,11.0,00:20:12,36385.0,14,8,B,2,殺球,,,1.0,4.0,473.0,635.0,2.0,5.0,460.0,353.0,,,,,9.0,4.073170731707317,0.84375,8.0,5.463414634146342,-0.640625,0,1,1,21
22,12.0,00:20:14,36423.0,14,8,A,2,擋小球,,,2.0,5.0,460.0,353.0,2.0,2.0,451.0,491.0,,,,,8.0,4.853658536585366,-0.609375,8.0,4.048780487804878,0.7760416666666666,0,1,1,21
22,13.0,00:20:14,36428.0,14,8,B,2,放小球,,1.0,2.0,2.0,451.0,491.0,2.0,1.0,456.0,412.0,,,,,6.0,3.7439024390243905,0.22395833333333334,8.0,4.463414634146342,-0.5364583333333334,0,1,1,21
22,14.0,00:20:15,36462.0,14,8,A,2,挑球,,,2.0,1.0,456.0,412.0,1.0,4.0,423.0,638.0,,,,,1.0,3.7804878048780486,-0.3541666666666667,8.0,4.378048780487805,0.296875,0,1,1,21
22,15.0,00:20:16,36493.0,14,8,B,3,切球,,,1.0,4.0,423.0,638.0,2.0,11.0,852.0,358.0,出界,對手出界,A,,8.0,4.182926829268292,0.609375,8.0,4.7560975609756095,-0.5833333333333334,0,1,1,21
23,2.0,00:20:50,37506.0,14,9,B,2,挑球,,,2.0,,,,1.0,4.0,813.0,316.0,,,,,7.0,5.865853658536586,0.203125,8.0,5.609756097560975,-0.4635416666666667,0,1,1,22
23,3.0,00:20:51,37543.0,14,9,A,2,長球,,1.0,1.0,4.0,813.0,316.0,1.0,8.0,757.0,549.0,,,,,4.0,7.304878048780488,-0.7552083333333334,8.0,6.329268292682927,0.3541666666666667,0,1,1,22
23,4.0,00:20:51,37559.0,14,9,B,2,點扣,,,1.0,8.0,757.0,549.0,2.0,8.0,542.0,358.0,,,,,8.0,6.841463414634147,0.4322916666666667,9.0,6.134146341463414,-0.734375,0,1,1,22
23,5.0,00:20:52,37573.0,14,9,A,3,擋小球,,,2.0,8.0,542.0,358.0,2.0,7.0,529.0,437.0,掛網,對手掛網,B,,8.0,5.390243902439025,-0.625,8.0,7.097560975609756,0.5364583333333334,0,1,1,22
24,2.0,00:21:11,38158.0,15,9,A,2,殺球,,,1.0,,,,2.0,8.0,701.0,549.0,,,,,9.0,6.7682926829268295,-0.7916666666666666,8.0,6.402439024390244,0.5260416666666666,0,1,1,23
24,3.0,00:21:12,38170.0,15,9,B,2,擋小球,,,2.0,8.0,701.0,549.0,1.0,7.0,637.0,404.0,,,,,8.0,6.585365853658536,0.578125,9.0,6.780487804878049,-0.7291666666666666,0,1,1,23
24,4.0,00:21:13,38190.0,15,9,A,3,撲球,,,1.0,7.0,637.0,404.0,2.0,3.0,880.0,619.0,對手落地致勝,落地致勝,A,,7.0,5.597560975609756,-0.375,8.0,5.902439024390244,0.5260416666666666,0,1,1,23
25,1.0,00:21:41,39036.0,16,9,A,1,發短球,,1.0,2.0,,,,2.0,2.0,467.0,497.0,,,,,8.0,5.7682926829268295,-0.4479166666666667,8.0,4.817073170731708,0.4947916666666667,0,1,1,24
25,2.0,00:21:42,39062.0,16,9,B,2,放小球,,1.0,2.0,2.0,467.0,497.0,2.0,2.0,778.0,409.0,,,,,7.0,4.219512195121951,0.20833333333333334,8.0,5.329268292682927,-0.5260416666666666,0,1,1,24
25,3.0,00:21:42,39089.0,16,9,A,2,推球,,1.0,2.0,2.0,778.0,409.0,1.0,5.0,839.0,582.0,,,,,8.0,6.7560975609756095,-0.40625,8.0,5.719512195121951,0.3802083333333333,0,1,1,24
25,4.0,00:21:43,39112.0,16,9,B,2,切球,,,1.0,5.0,839.0,582.0,2.0,2.0,780.0,428.0,,,,,5.0,7.7682926829268295,0.5572916666666666,8.0,5.780487804878049,-0.5729166666666666,0,1,1,24
25,5.0,00:21:44,39136.0,16,9,A,2,放小球,,1.0,2.0,2.0,780.0,428.0,2.0,2.0,469.0,463.0,,,,,7.0,6.975609756097561,-0.359375,8.0,7.012195121951219,0.4947916666666667,0,1,1,24
25,6.0,00:21:45,39165.0,16,9,B,2,挑球,,1.0,2.0,2.0,469.0,463.0,1.0,9.0,548.0,314.0,,,,,7.0,4.158536585365853,0.08854166666666667,8.0,5.865853658536586,-0.5572916666666666,0,1,1,24
25,7.0,00:21:46,39197.0,16,9,A,2,點扣,,,1.0,9.0,548.0,314.0,2.0,6.0,444.0,546.0,,,,,9.0,5.341463414634147,-0.7552083333333334,8.0,4.914634146341464,0.3229166666666667,0,1,1,24
25,8.0,00:21:46,39209.0,16,9,B,2,擋小球,,1.0,2.0,6.0,444.0,546.0,2.0,8.0,721.0,372.0,,,,,8.0,5.829268292682927,0.4427083333333333,13.0,4.7073170731707314,-0.8177083333333334,0,1,1,24
25,9.0,00:21:47,39238.0,16,9,A,2,放小球,,1.0,2.0,8.0,721.0,372.0,2.0,1.0,777.0,463.0,,,,,8.0,6.2317073170731705,-0.5729166666666666,8.0,5.829268292682927,0.5364583333333334,0,1,1,24
25,10.0,00:21:48,39269.0,16,9,B,2,挑球,,,2.0,1.0,777.0,463.0,1.0,4.0,749.0,317.0,,,,,7.0,6.7439024390243905,0.13020833333333334,8.0,6.170731707317073,-0.5260416666666666,0,1,1,24
25,11.0,00:21:50,39310.0,16,9,A,2,點扣,,,1.0,4.0,749.0,317.0,2.0,5.0,878.0,544.0,,,,,9.0,6.609756097560975,-0.734375,8.0,6.439024390243903,0.4114583333333333,0,1,1,24
25,12.0,00:21:50,39328.0,16,9,B,2,擋小球,,,2.0,5.0,878.0,544.0,2.0,6.0,819.0,385.0,,,,,5.0,7.7439024390243905,0.4583333333333333,9.0,6.524390243902439,-0.7395833333333334,0,1,1,24
25,13.0,00:21:52,39360.0,16,9,A,2,放小球,,1.0,2.0,6.0,819.0,385.0,2.0,1.0,876.0,485.0,,,,,6.0,7.341463414634147,-0.4947916666666667,8.0,6.585365853658536,0.3958333333333333,0,1,1,24
25,14.0,00:21:53,39390.0,16,9,B,2,挑球,,,2.0,1.0,876.0,485.0,1.0,6.0,752.0,335.0,,,,,1.0,7.914634146341464,0.140625,8.0,6.841463414634147,-0.5104166666666666,0,1,1,24
25,15.0,00:21:54,39444.0,16,9,A,2,殺球,,,1.0,6.0,752.0,335.0,2.0,8.0,510.0,536.0,,,,,8.0,6.804878048780488,-0.6875,8.0,6.378048780487805,0.4635416666666667,0,1,1,24
25,16.0,00:21:55,39457.0,16,9,B,2,防守回挑,,1.0,2.0,8.0,510.0,536.0,1.0,5.0,463.0,342.0,,,,,8.0,6.536585365853658,0.453125,9.0,6.719512195121951,-0.734375,0,1,1,24
25,17.0,00:21:56,39491.0,16,9,A,2,長球,,,1.0,5.0,463.0,342.0,1.0,9.0,477.0,638.0,,,,,5.0,3.7195121951219514,-0.578125,8.0,5.146341463414634,0.3958333333333333,0,1,1,24
25,18.0,00:21:58,39553.0,16,9,B,2,殺球,,,1.0,9.0,477.0,638.0,2.0,6.0,764.0,352.0,,,,,9.0,4.0,0.8385416666666666,8.0,4.658536585365853,-0.6354166666666666,0,1,1,24
25,19.0,00:21:58,39568.0,16,9,A,2,防守回挑,,1.0,2.0,6.0,764.0,352.0,1.0,9.0,625.0,624.0,,,,,8.0,4.817073170731708,-0.6145833333333334,8.0,4.439024390243903,0.6510416666666666,0,1,1,24
25,20.0,00:22:00,39606.0,16,9,B,2,殺球,,,1.0,9.0,625.0,624.0,2.0,8.0,595.0,361.0,,,,,9.0,5.804878048780488,0.7864583333333334,8.0,5.378048780487805,-0.5677083333333334,0,1,1,24
25,21.0,00:22:00,39616.0,16,9,A,2,擋小球,,,2.0,8.0,595.0,361.0,1.0,7.0,616.0,510.0,,,,,8.0,5.2073170731707314,-0.5729166666666666,8.0,6.146341463414634,0.6614583333333334,0,1,1,24
25,22.0,00:22:01,39637.0,16,9,B,3,撲球,,,1.0,7.0,616.0,510.0,2.0,7.0,629.0,446.0,掛網,對手掛網,A,,8.0,5.963414634146342,0.296875,8.0,5.329268292682927,-0.59375,0,1,1,24
26,1.0,00:22:53,41198.0,16,10,A,1,發短球,,1.0,2.0,,,,2.0,7.0,713.0,477.0,,,,,8.0,5.560975609756097,-0.4427083333333333,8.0,6.987804878048781,0.4895833333333333,0,1,1,25
26,2.0,00:22:54,41221.0,16,10,B,2,放小球,,,2.0,7.0,713.0,477.0,2.0,1.0,457.0,399.0,,,,,7.0,5.987804878048781,0.21354166666666666,8.0,5.524390243902439,-0.4947916666666667,0,1,1,25
26,3.0,00:22:54,41248.0,16,10,A,2,挑球,,,2.0,1.0,457.0,399.0,1.0,4.0,451.0,621.0,,,,,5.0,4.121951219512195,-0.4010416666666667,8.0,5.109756097560975,0.296875,0,1,1,25
26,4.0,00:22:55,41277.0,16,10,B,2,切球,,,1.0,4.0,451.0,621.0,2.0,8.0,539.0,364.0,,,,,8.0,4.304878048780488,0.65625,8.0,4.621951219512195,-0.5833333333333334,0,1,1,25
26,5.0,00:22:56,41297.0,16,10,A,3,放小球,,,2.0,8.0,539.0,364.0,2.0,7.0,712.0,445.0,掛網,對手掛網,B,,8.0,4.695121951219512,-0.6458333333333334,8.0,4.378048780487805,0.6510416666666666,0,1,1,25
27,1.0,00:23:13,41790.0,17,10,B,1,發短球,,,2.0,,,,2.0,7.0,585.0,415.0,,,,,8.0,6.0,0.421875,8.0,4.926829268292683,-0.6197916666666666,0,1,1,26
27,2.0,00:23:13,41809.0,17,10,A,2,放小球,,1.0,2.0,7.0,585.0,415.0,2.0,2.0,460.0,459.0,,,,,7.0,4.902439024390244,-0.3697916666666667,8.0,5.7560975609756095,0.359375,0,1,1,26
27,3.0,00:23:14,41831.0,17,10,B,2,挑球,,1.0,2.0,2.0,460.0,459.0,1.0,9.0,736.0,318.0,,,,,7.0,4.0,0.09895833333333333,8.0,5.2073170731707314,-0.453125,0,1,1,26
27,4.0,00:23:15,41863.0,17,10,A,2,過度切球,,1.0,1.0,9.0,736.0,318.0,2.0,8.0,781.0,533.0,,,,,9.0,6.719512195121951,-0.7395833333333334,8.0,5.439024390243903,0.3125,0,1,1,26
27,5.0,00:23:15,41879.0,17,10,B,2,放小球,,,2.0,8.0,781.0,533.0,2.0,2.0,781.0,400.0,,,,,8.0,6.914634146341464,0.4270833333333333,8.0,5.939024390243903,-0.6354166666666666,0,1,1,26
27,6.0,00:23:16,41908.0,17,10,A,2,挑球,,1.0,2.0,2.0,781.0,400.0,1.0,3.0,831.0,620.0,,,,,8.0,7.012195121951219,-0.4583333333333333,8.0,6.2560975609756095,0.3229166666666667,0,1,1,26
27,7.0,00:23:18,41943.0,17,10,B,2,切球,,,1.0,3.0,831.0,620.0,2.0,5.0,503.0,374.0,,,,,5.0,7.975609756097561,0.7708333333333334,8.0,5.585365853658536,-0.5729166666666666,0,1,1,26
27,8.0,00:23:18,41962.0,17,10,A,2,推球,,,2.0,5.0,503.0,374.0,1.0,6.0,456.0,564.0,,,,,8.0,4.548780487804878,-0.5,8.0,7.097560975609756,0.6822916666666666,0,1,1,26
27,9.0,00:23:19,41980.0,17,10,B,2,長球,,1.0,1.0,6.0,456.0,564.0,1.0,8.0,633.0,341.0,,,,,8.0,4.926829268292683,0.5104166666666666,8.0,4.695121951219512,-0.5260416666666666,0,1,1,26
27,10.0,00:23:20,42000.0,17,10,A,3,殺球,,,1.0,8.0,633.0,341.0,2.0,8.0,651.0,604.0,對手落地致勝,落地致勝,A,,8.0,5.548780487804878,-0.6145833333333334,8.0,4.7317073170731705,0.4583333333333333,0,1,1,26
28,1.0,00:23:53,43009.0,17,11,A,1,發長球,,1.0,2.0,,,,1.0,9.0,521.0,634.0,,,,,8.0,5.7317073170731705,-0.4427083333333333,8.0,4.804878048780488,0.515625,0,1,1,27
28,2.0,00:23:54,43042.0,17,11,B,2,長球,,,1.0,9.0,521.0,634.0,1.0,3.0,483.0,313.0,,,,,8.0,4.695121951219512,0.7135416666666666,8.0,5.073170731707317,-0.5260416666666666,0,1,1,27
28,3.0,00:23:55,43076.0,17,11,A,2,點扣,,,1.0,3.0,483.0,313.0,2.0,8.0,650.0,538.0,,,,,3.0,4.158536585365853,-0.7291666666666666,8.0,5.085365853658536,0.5572916666666666,0,1,1,27
28,4.0,00:23:56,43096.0,17,11,B,2,擋小球,,,2.0,8.0,650.0,538.0,2.0,8.0,593.0,387.0,,,,,8.0,5.512195121951219,0.4479166666666667,8.0,4.682926829268292,-0.6302083333333334,0,1,1,27
28,5.0,00:23:57,43124.0,17,11,A,3,挑球,,1.0,2.0,8.0,593.0,387.0,2.0,12.0,343.0,618.0,出界,對手出界,B,,8.0,4.890243902439025,-0.4739583333333333,8.0,5.463414634146342,0.40625,0,1,1,27
29,2.0,00:24:15,43671.0,18,11,A,2,放小球,,1.0,2.0,,,,2.0,7.0,606.0,461.0,,,,,8.0,6.2682926829268295,-0.4166666666666667,8.0,5.841463414634147,0.3645833333333333,0,1,1,28
29,3.0,00:24:16,43699.0,18,11,B,2,挑球,,1.0,2.0,7.0,606.0,461.0,1.0,4.0,778.0,316.0,,,,,7.0,5.670731707317073,0.0625,8.0,5.682926829268292,-0.4583333333333333,0,1,1,28
29,4.0,00:24:17,43736.0,18,11,A,2,點扣,,,1.0,4.0,778.0,316.0,2.0,6.0,423.0,542.0,,,,,9.0,6.634146341463414,-0.7291666666666666,8.0,6.378048780487805,0.3541666666666667,0,1,1,28
29,5.0,00:24:18,43757.0,18,11,B,2,擋小球,,1.0,2.0,6.0,423.0,542.0,2.0,1.0,457.0,394.0,,,,,8.0,3.8902439024390243,0.4375,4.0,7.060975609756097,-0.7708333333333334,0,1,1,28
29,6.0,00:24:19,43787.0,18,11,A,2,放小球,,,2.0,1.0,457.0,394.0,2.0,2.0,431.0,477.0,,,,,8.0,4.182926829268292,-0.4791666666666667,8.0,4.646341463414634,0.375,0,1,1,28
29,7.0,00:24:20,43819.0,18,11,B,2,放小球,,1.0,2.0,2.0,431.0,477.0,2.0,1.0,474.0,426.0,,,,,2.0,3.6951219512195124,0.140625,8.0,5.109756097560975,-0.5,0,1,1,28
29,8.0,00:24:21,43852.0,18,11,A,2,挑球,,,2.0,1.0,474.0,426.0,1.0,4.0,451.0,640.0,,,,,1.0,4.036585365853658,-0.3229166666666667,8.0,4.439024390243903,0.25,0,1,1,28
29,9.0,00:24:23,43895.0,18,11,B,2,過度切球,,,1.0,4.0,451.0,640.0,2.0,8.0,673.0,373.0,,,,,8.0,3.9878048780487805,0.7708333333333334,8.0,5.146341463414634,-0.53125,0,1,1,28
29,10.0,00:24:23,43911.0,18,11,A,2,放小球,,1.0,2.0,8.0,673.0,373.0,2.0,7.0,637.0,481.0,,,,,8.0,4.975609756097561,-0.546875,8.0,4.341463414634147,0.703125,0,1,1,28
29,11.0,00:24:24,43937.0,18,11,B,2,挑球,,,2.0,7.0,637.0,481.0,1.0,3.0,512.0,313.0,,,,,7.0,5.170731707317073,0.203125,8.0,5.621951219512195,-0.53125,0,1,1,28
29,12.0,00:24:25,43975.0,18,11,A,2,長球,,,1.0,3.0,512.0,313.0,1.0,4.0,471.0,632.0,,,,,9.0,4.524390243902439,-0.7916666666666666,8.0,5.353658536585366,0.4270833333333333,0,1,1,28
29,13.0,00:24:26,44009.0,18,11,B,2,長球,,,1.0,4.0,471.0,632.0,1.0,3.0,523.0,315.0,,,,,9.0,4.073170731707317,0.7864583333333334,8.0,4.926829268292683,-0.65625,0,1,1,28
29,14.0,00:24:28,44044.0,18,11,A,2,點扣,,,1.0,3.0,523.0,315.0,2.0,6.0,461.0,540.0,,,,,9.0,4.658536585365853,-0.7291666666666666,8.0,5.2439024390243905,0.515625,0,1,1,28
29,15.0,00:24:28,44058.0,18,11,B,2,擋小球,,1.0,2.0,6.0,461.0,540.0,1.0,8.0,708.0,375.0,,,,,8.0,5.7560975609756095,0.46875,9.0,4.682926829268292,-0.7395833333333334,0,1,1,28
29,16.0,00:24:29,44081.0,18,11,A,2,推球,,1.0,1.0,8.0,708.0,375.0,2.0,8.0,510.0,548.0,,,,,8.0,6.341463414634147,-0.5104166666666666,8.0,5.658536585365853,0.4166666666666667,0,1,1,28
29,17.0,00:24:29,44095.0,18,11,B,2,防守回挑,,1.0,2.0,8.0,510.0,548.0,1.0,9.0,705.0,315.0,,,,,8.0,6.073170731707317,0.4895833333333333,8.0,5.926829268292683,-0.5052083333333334,0,1,1,28
29,18.0,00:24:30,44125.0,18,11,A,2,長球,,,1.0,9.0,705.0,315.0,1.0,9.0,492.0,631.0,,,,,8.0,6.0,-0.6770833333333334,8.0,5.902439024390244,0.4322916666666667,0,1,1,28
29,19.0,00:24:32,44178.0,18,11,B,2,殺球,,,1.0,9.0,492.0,631.0,2.0,5.0,490.0,360.0,,,,,8.0,4.146341463414634,0.7239583333333334,8.0,5.2073170731707314,-0.640625,0,1,1,28
29,20.0,00:24:33,44193.0,18,11,A,2,防守回挑,,,2.0,5.0,490.0,360.0,2.0,5.0,815.0,607.0,,,,,8.0,4.463414634146342,-0.5885416666666666,8.0,4.390243902439025,0.5833333333333334,0,1,1,28
29,21.0,00:24:34,44222.0,18,11,B,2,切球,,,2.0,5.0,815.0,607.0,2.0,1.0,460.0,403.0,,,,,8.0,7.304878048780488,0.6458333333333334,8.0,5.341463414634147,-0.578125,0,1,1,28
29,22.0,00:24:35,44251.0,18,11,A,2,放小球,,,2.0,1.0,460.0,403.0,2.0,1.0,827.0,465.0,,,,,5.0,4.012195121951219,-0.4375,8.0,5.878048780487805,0.5,0,1,1,28
29,23.0,00:24:36,44281.0,18,11,B,3,挑球,,,2.0,1.0,827.0,465.0,2.0,12.0,845.0,310.0,出界,對手出界,A,,7.0,7.170731707317073,0.07291666666666667,8.0,5.487804878048781,-0.5364583333333334,0,1,1,28
30,2.0,00:24:59,44997.0,19,11,B,2,放小球,,1.0,2.0,,,,2.0,2.0,802.0,423.0,,,,,8.0,6.414634146341464,0.25,8.0,5.463414634146342,-0.5104166666666666,0,1,1,29
30,3.0,00:25:00,45028.0,19,11,A,2,放小球,,1.0,2.0,2.0,802.0,423.0,2.0,1.0,788.0,455.0,,,,,2.0,7.329268292682927,-0.375,8.0,6.2926829268292686,0.2916666666666667,0,1,1,29
30,4.0,00:25:01,45054.0,19,11,B,2,挑球,,,2.0,1.0,788.0,455.0,1.0,9.0,696.0,317.0,,,,,7.0,7.121951219512195,-0.005208333333333333,8.0,6.682926829268292,-0.421875,0,1,1,29
30,5.0,00:25:03,45115.0,19,11,A,2,點扣,,,1.0,9.0,696.0,317.0,2.0,5.0,836.0,551.0,,,,,9.0,6.2926829268292686,-0.7760416666666666,8.0,6.073170731707317,0.515625,0,1,1,29
30,6.0,00:25:04,45134.0,19,11,B,2,擋小球,,,2.0,5.0,836.0,551.0,2.0,6.0,817.0,384.0,,,,,8.0,6.975609756097561,0.4739583333333333,8.0,5.865853658536586,-0.7083333333333334,0,1,1,29
30,7.0,00:25:05,45159.0,19,11,A,2,放小球,,1.0,2.0,6.0,817.0,384.0,2.0,2.0,446.0,477.0,,,,,6.0,7.341463414634147,-0.4947916666666667,8.0,6.670731707317073,0.4895833333333333,0,1,1,29
30,8.0,00:25:06,45185.0,19,11,B,2,挑球,,1.0,2.0,2.0,446.0,477.0,1.0,9.0,668.0,314.0,,,,,7.0,4.060975609756097,0.125,8.0,6.170731707317073,-0.5729166666666666,0,1,1,29
30,9.0,00:25:07,45232.0,19,11,A,2,長球,,,1.0,9.0,668.0,314.0,1.0,4.0,468.0,631.0,,,,,9.0,6.012195121951219,-0.7708333333333334,8.0,5.829268292682927,0.390625,0,1,1,29
30,10.0,00:25:09,45273.0,19,11,B,2,長球,,,1.0,4.0,468.0,631.0,1.0,3.0,489.0,316.0,,,,,8.0,4.341463414634147,0.6666666666666666,8.0,5.219512195121951,-0.6041666666666666,0,1,1,29
30,11.0,00:25:10,45319.0,19,11,A,2,長球,,,1.0,3.0,489.0,316.0,1.0,4.0,422.0,631.0,,,,,3.0,4.2439024390243905,-0.8020833333333334,8.0,5.5,0.453125,0,1,1,29
30,12.0,00:25:12,45366.0,19,11,B,2,長球,,,1.0,4.0,422.0,631.0,1.0,4.0,751.0,314.0,,,,,6.0,3.6951219512195124,0.7760416666666666,8.0,5.170731707317073,-0.6666666666666666,0,1,1,29
30,13.0,00:25:13,45412.0,19,11,A,2,長球,,,1.0,4.0,751.0,314.0,1.0,3.0,833.0,639.0,,,,,9.0,6.548780487804878,-0.7552083333333334,8.0,5.865853658536586,0.484375,0,1,1,29
30,14.0,00:25:15,45461.0,19,11,B,2,長球,,,1.0,3.0,833.0,639.0,1.0,3.0,514.0,314.0,,,,,9.0,7.524390243902439,0.8489583333333334,8.0,5.951219512195122,-0.5833333333333334,0,1,1,29
30,15.0,00:25:16,45504.0,19,11,A,2,點扣,,,1.0,3.0,514.0,314.0,2.0,6.0,469.0,546.0,,,,,9.0,4.695121951219512,-0.765625,8.0,5.560975609756097,0.5625,0,1,1,29
30,16.0,00:25:17,45516.0,19,11,B,2,擋小球,,1.0,2.0,6.0,469.0,546.0,1.0,8.0,706.0,358.0,,,,,8.0,5.780487804878049,0.53125,3.0,4.085365853658536,-0.7708333333333334,0,1,1,29
30,17.0,00:25:18,45541.0,19,11,A,2,放小球,,1.0,1.0,8.0,706.0,358.0,2.0,7.0,618.0,460.0,,,,,8.0,5.963414634146342,-0.5989583333333334,8.0,5.780487804878049,0.5052083333333334,0,1,1,29
30,18.0,00:25:19,45573.0,19,11,B,2,挑球,,,2.0,7.0,618.0,460.0,1.0,3.0,520.0,313.0,,,,,7.0,5.158536585365853,0.07291666666666667,8.0,6.182926829268292,-0.5416666666666666,0,1,1,29
30,19.0,00:25:20,45617.0,19,11,A,2,長球,,,1.0,3.0,520.0,313.0,1.0,4.0,414.0,640.0,,,,,9.0,4.7560975609756095,-0.7864583333333334,8.0,5.304878048780488,0.265625,0,1,1,29
30,20.0,00:25:22,45668.0,19,11,B,3,切球,,,1.0,4.0,414.0,640.0,2.0,2.0,451.0,448.0,掛網,對手掛網,A,,4.0,3.4390243902439024,0.8489583333333334,8.0,5.2073170731707314,-0.6041666666666666,0,1,1,29
31,1.0,00:25:50,46509.0,19,12,A,1,發長球,,1.0,2.0,,,,1.0,8.0,490.0,614.0,,,,,8.0,5.7560975609756095,-0.453125,8.0,4.865853658536586,0.4739583333333333,0,1,1,30
31,2.0,00:25:51,46539.0,19,12,B,2,長球,,,1.0,8.0,490.0,614.0,1.0,9.0,554.0,319.0,,,,,8.0,4.646341463414634,0.59375,8.0,5.195121951219512,-0.5520833333333334,0,1,1,30
31,3.0,00:25:52,46576.0,19,12,A,2,殺球,,,1.0,9.0,554.0,319.0,2.0,6.0,446.0,550.0,,,,,8.0,4.621951219512195,-0.7135416666666666,8.0,5.670731707317073,0.5208333333333334,0,1,1,30
31,4.0,00:25:52,46589.0,19,12,B,2,擋小球,,1.0,2.0,6.0,446.0,550.0,2.0,7.0,573.0,406.0,,,,,8.0,6.024390243902439,0.546875,9.0,4.390243902439025,-0.7395833333333334,0,1,1,30
31,5.0,00:25:54,46620.0,19,12,A,2,放小球,,,2.0,7.0,573.0,406.0,2.0,7.0,607.0,462.0,,,,,8.0,4.7073170731707314,-0.40625,8.0,5.2682926829268295,0.3697916666666667,0,1,1,30
31,6.0,00:25:55,46650.0,19,12,B,2,挑球,,1.0,2.0,7.0,607.0,462.0,1.0,4.0,780.0,318.0,,,,,7.0,5.634146341463414,0.10416666666666667,8.0,5.365853658536586,-0.453125,0,1,1,30
31,7.0,00:25:56,46685.0,19,12,A,2,點扣,,,1.0,4.0,780.0,318.0,2.0,5.0,817.0,539.0,,,,,8.0,6.621951219512195,-0.7135416666666666,8.0,6.146341463414634,0.3645833333333333,0,1,1,30
31,8.0,00:25:56,46698.0,19,12,B,2,擋小球,,,2.0,5.0,817.0,539.0,2.0,5.0,506.0,385.0,,,,,8.0,7.121951219512195,0.4583333333333333,9.0,6.865853658536586,-0.75,0,1,1,30
31,9.0,00:25:57,46728.0,19,12,A,2,挑球,,,2.0,5.0,506.0,385.0,1.0,4.0,468.0,640.0,,,,,8.0,4.573170731707317,-0.5052083333333334,8.0,5.719512195121951,0.3854166666666667,0,1,1,30
31,10.0,00:25:58,46766.0,19,12,B,2,長球,,,1.0,4.0,468.0,640.0,1.0,3.0,463.0,314.0,,,,,8.0,4.121951219512195,0.75,8.0,4.975609756097561,-0.59375,0,1,1,30
31,11.0,00:25:59,46798.0,19,12,A,2,長球,,,1.0,3.0,463.0,314.0,1.0,9.0,480.0,640.0,,,,,5.0,3.8536585365853657,-0.703125,8.0,4.329268292682927,0.65625,0,1,1,30
31,12.0,00:26:01,46841.0,19,12,B,2,切球,,,1.0,9.0,480.0,640.0,2.0,6.0,795.0,390.0,,,,,9.0,3.926829268292683,0.8802083333333334,8.0,4.7682926829268295,-0.6145833333333334,0,1,1,30
31,13.0,00:26:02,46868.0,19,12,A,2,放小球,,1.0,2.0,6.0,795.0,390.0,2.0,1.0,776.0,460.0,,,,,6.0,7.170731707317073,-0.484375,8.0,4.7317073170731705,0.6770833333333334,0,1,1,30
31,14.0,00:26:03,46899.0,19,12,B,2,挑球,,,2.0,1.0,776.0,460.0,1.0,4.0,772.0,320.0,,,,,7.0,6.926829268292683,0.06770833333333333,8.0,6.451219512195122,-0.5572916666666666,0,1,1,30
31,15.0,00:26:05,46954.0,19,12,A,3,切球,,,1.0,4.0,772.0,320.0,2.0,11.0,376.0,528.0,出界,對手出界,B,,4.0,7.024390243902439,-0.7395833333333334,8.0,6.280487804878049,0.390625,0,1,1,30
32,2.0,00:26:27,47628.0,20,12,A,2,挑球,,,2.0,,,,1.0,4.0,414.0,622.0,,,,,8.0,4.414634146341464,-0.4010416666666667,8.0,6.085365853658536,0.46875,0,1,1,31
32,3.0,00:26:28,47661.0,20,12,B,2,過度切球,,1.0,1.0,4.0,414.0,622.0,2.0,2.0,762.0,396.0,,,,,8.0,3.8048780487804876,0.7552083333333334,8.0,4.7560975609756095,-0.4427083333333333,0,1,1,31
32,4.0,00:26:29,47685.0,20,12,A,2,推球,,1.0,2.0,2.0,762.0,396.0,1.0,8.0,775.0,587.0,,,,,8.0,6.7682926829268295,-0.453125,8.0,5.134146341463414,0.578125,0,1,1,31
32,5.0,00:26:30,47710.0,20,12,B,2,切球,,,1.0,8.0,775.0,587.0,2.0,8.0,533.0,389.0,,,,,8.0,6.353658536585366,0.640625,8.0,5.646341463414634,-0.6145833333333334,0,1,1,31
32,6.0,00:26:31,47735.0,20,12,A,2,挑球,,,2.0,8.0,533.0,389.0,1.0,4.0,421.0,635.0,,,,,8.0,5.024390243902439,-0.484375,8.0,6.317073170731708,0.625,0,1,1,31
32,7.0,00:26:32,47766.0,20,12,B,2,長球,,,1.0,4.0,421.0,635.0,1.0,3.0,487.0,322.0,,,,,8.0,4.170731707317073,0.6666666666666666,8.0,4.878048780487805,-0.6302083333333334,0,1,1,31
32,8.0,00:26:33,47802.0,20,12,A,2,殺球,,,1.0,3.0,487.0,322.0,2.0,6.0,465.0,560.0,,,,,9.0,4.512195121951219,-0.7552083333333334,8.0,5.024390243902439,0.609375,0,1,1,31
32,9.0,00:26:33,47808.0,20,12,B,2,擋小球,,1.0,2.0,6.0,465.0,560.0,2.0,6.0,757.0,367.0,,,,,8.0,5.780487804878049,0.5677083333333334,3.0,3.6219512195121952,-0.7916666666666666,0,1,1,31
32,10.0,00:26:34,47837.0,20,12,A,2,挑球,,1.0,2.0,6.0,757.0,367.0,1.0,8.0,770.0,584.0,,,,,8.0,6.2073170731707314,-0.5572916666666666,8.0,5.487804878048781,0.484375,0,1,1,31
32,11.0,00:26:35,47859.0,20,12,B,2,點扣,,,1.0,8.0,770.0,584.0,2.0,8.0,559.0,380.0,,,,,8.0,6.536585365853658,0.6302083333333334,8.0,6.097560975609756,-0.484375,0,1,1,31
32,12.0,00:26:35,47872.0,20,12,A,2,擋小球,,,2.0,8.0,559.0,380.0,2.0,6.0,428.0,510.0,,,,,8.0,5.7926829268292686,-0.4583333333333333,5.0,7.963414634146342,0.71875,0,1,1,31
32,13.0,00:26:36,47903.0,20,12,B,2,放小球,,1.0,2.0,6.0,428.0,510.0,1.0,7.0,539.0,435.0,,,,,8.0,3.8902439024390243,0.3229166666666667,8.0,4.7317073170731705,-0.4895833333333333,0,1,1,31
32,14.0,00:26:37,47928.0,20,12,A,2,推球,,,1.0,7.0,539.0,435.0,2.0,3.0,820.0,640.0,,,,,7.0,5.060975609756097,-0.3177083333333333,6.0,3.6097560975609757,0.23958333333333334,0,1,1,31
32,15.0,00:26:38,47962.0,20,12,B,3,過度切球,,,2.0,3.0,820.0,640.0,2.0,7.0,571.0,432.0,未過網,對手未過網,A,,9.0,6.853658536585366,0.859375,8.0,6.390243902439025,-0.4114583333333333,0,1,1,31
33,1.0,00:27:04,48724.0,20,13,A,1,發短球,,1.0,2.0,,,,2.0,7.0,733.0,486.0,,,,,8.0,5.573170731707317,-0.4270833333333333,8.0,7.085365853658536,0.46875,0,1,1,32
33,2.0,00:27:04,48748.0,20,13,B,2,放小球,,,2.0,7.0,733.0,486.0,2.0,1.0,476.0,415.0,,,,,8.0,6.463414634146342,0.24479166666666666,8.0,5.426829268292683,-0.5,0,1,1,32
33,3.0,00:27:05,48776.0,20,13,A,3,放小球,,,2.0,1.0,476.0,415.0,2.0,1.0,443.0,442.0,掛網,對手掛網,B,,7.0,4.182926829268292,-0.3645833333333333,8.0,5.353658536585366,0.22916666666666666,0,1,1,32
34,2.0,00:27:24,49349.0,21,13,A,2,放小球,,1.0,2.0,,,,2.0,1.0,815.0,475.0,,,,,8.0,6.121951219512195,-0.4166666666666667,8.0,5.926829268292683,0.3333333333333333,0,1,1,33
34,3.0,00:27:25,49379.0,21,13,B,2,挑球,,,2.0,1.0,815.0,475.0,1.0,4.0,767.0,324.0,,,,,1.0,7.414634146341464,0.15625,8.0,6.219512195121951,-0.484375,0,1,1,33
34,4.0,00:27:27,49411.0,21,13,A,2,切球,1.0,,1.0,4.0,767.0,324.0,2.0,2.0,460.0,498.0,,,,,8.0,6.365853658536586,-0.6875,8.0,6.646341463414634,0.390625,0,1,1,33
34,5.0,00:27:27,49438.0,21,13,B,2,放小球,,1.0,2.0,2.0,460.0,498.0,2.0,1.0,491.0,428.0,,,,,6.0,3.7560975609756095,0.2864583333333333,8.0,5.853658536585366,-0.7083333333333334,0,1,1,33
34,6.0,00:27:28,49467.0,21,13,A,2,放小球,,,2.0,1.0,491.0,428.0,2.0,2.0,455.0,456.0,,,,,7.0,4.2682926829268295,-0.3020833333333333,8.0,4.7926829268292686,0.2708333333333333,0,1,1,33
34,7.0,00:27:29,49491.0,21,13,B,2,挑球,,1.0,2.0,2.0,455.0,456.0,1.0,6.0,768.0,333.0,,,,,2.0,3.902439024390244,0.020833333333333332,7.0,4.390243902439025,-0.375,0,1,1,33
34,8.0,00:27:31,49549.0,21,13,A,2,長球,,,1.0,6.0,768.0,333.0,1.0,3.0,804.0,623.0,,,,,8.0,6.695121951219512,-0.7083333333333334,8.0,6.2317073170731705,0.4166666666666667,0,1,1,33
34,9.0,00:27:33,49592.0,21,13,B,2,點扣,,,1.0,3.0,804.0,623.0,2.0,6.0,813.0,360.0,,,,,9.0,7.317073170731708,0.8489583333333334,8.0,5.7317073170731705,-0.609375,0,1,1,33
34,10.0,00:27:33,49608.0,21,13,A,2,防守回抽,,1.0,2.0,6.0,813.0,360.0,2.0,6.0,454.0,566.0,,,,,8.0,5.548780487804878,-0.5572916666666666,9.0,7.317073170731708,0.8125,0,1,1,33
34,11.0,00:27:34,49635.0,21,13,B,3,長球,,1.0,2.0,6.0,454.0,566.0,2.0,14.0,397.0,318.0,出界,對手出界,A,,8.0,4.219512195121951,0.515625,8.0,5.7317073170731705,-0.5989583333333334,0,1,1,33
